FILE_NAME,NUM_JOBS,NUM_MACHINES,ITERATION_SIZE,POPULATION_SIZE,ITERATION,MAKESPAN
u_c_lohi.0,512,16,5,1000,1,5579482.562528005
u_c_lohi.0,512,16,5,1000,2,[4363214.281272003]
u_c_lohi.0,512,16,5,1000,3,[4583146.390648004]
u_c_lohi.0,512,16,5,1000,4,[4522834.367212004]
u_c_lohi.0,512,16,5,1000,5,[4483512.773460004]
u_c_lohi.0,512,16,5,1000,6,[4561542.203148004]
