FILE_NAME,NUM_JOBS,NUM_MACHINES,ITERATION_SIZE,POPULATION_SIZE,ITERATION,MAKESPAN
u_c_lolo.0,512,16,5,1000,1,47714.35838400006
u_c_lolo.0,512,16,5,1000,2,[35143.29878999998]
u_c_lolo.0,512,16,5,1000,3,[34226.287515000025]
u_c_lolo.0,512,16,5,1000,4,[35785.76878800001]
u_c_lolo.0,512,16,5,1000,5,[35785.76878800001]
u_c_lolo.0,512,16,5,1000,6,[34986.871682000026]
