FILE_NAME,NUM_JOBS,NUM_MACHINES,ITERATION_SIZE,POPULATION_SIZE,ITERATION,MAKESPAN
u_c_hilo.0,512,16,5,1000,1,1465522.265625
u_c_hilo.0,512,16,5,1000,2,[1132664.7577960005]
u_c_hilo.0,512,16,5,1000,3,[1225709.53125]
u_c_hilo.0,512,16,5,1000,4,[1055437.6152190007]
u_c_hilo.0,512,16,5,1000,5,[1119126.09375]
u_c_hilo.0,512,16,5,1000,6,[1172417.8125]
