FILE_NAME,NUM_JOBS,NUM_MACHINES,ITERATION_SIZE,POPULATION_SIZE,ITERATION,MAKESPAN
u_c_hilo.0,512,16,5,100,1,1287119.04295
u_c_hilo.0,512,16,5,100,2,[1078321.6445180015]
u_c_hilo.0,512,16,5,100,3,[956247.4960820012]
u_c_hilo.0,512,16,5,100,4,[956247.4960820012]
u_c_hilo.0,512,16,5,100,5,[1145771.953125]
u_c_hilo.0,512,16,5,100,6,[952468.0917830006]
