FILE_NAME,NUM_JOBS,NUM_MACHINES,ITERATION_SIZE,POPULATION_SIZE,ITERATION,MAKESPAN
u_c_lohi.0,512,16,5,10,1,4682780.007836004
u_c_lohi.0,512,16,5,10,2,[3692109.6875200034]
u_c_lohi.0,512,16,5,10,3,[3569902.593768003]
u_c_lohi.0,512,16,5,10,4,[3335496.328125]
u_c_lohi.0,512,16,5,10,5,[3602300.3125]
u_c_lohi.0,512,16,5,10,6,[3569902.593768003]
