FILE_NAME,NUM_JOBS,NUM_MACHINES,ITERATION_SIZE,POPULATION_SIZE,ITERATION,MAKESPAN
u_c_lohi.0,512,16,5,500,1,5280581.7109640045
u_c_lohi.0,512,16,5,500,2,[4561542.203148004]
u_c_lohi.0,512,16,5,500,3,[4430531.625024004]
u_c_lohi.0,512,16,5,500,4,[4892045.3359640045]
u_c_lohi.0,512,16,5,500,5,[4164886.3593960037]
u_c_lohi.0,512,16,5,500,6,[4782413.625024004]
