FILE_NAME,NUM_JOBS,NUM_MACHINES,ITERATION_SIZE,POPULATION_SIZE,ITERATION,MAKESPAN
u_c_hilo.0,512,16,5,500,1,1598751.5625
u_c_hilo.0,512,16,5,500,2,[1106922.3769370005]
u_c_hilo.0,512,16,5,500,3,[1132664.7577960005]
u_c_hilo.0,512,16,5,500,4,[1145771.953125]
u_c_hilo.0,512,16,5,500,5,[1209891.9003730002]
u_c_hilo.0,512,16,5,500,6,[1105209.2187759997]
