FILE_NAME,NUM_JOBS,NUM_MACHINES,ITERATION_SIZE,POPULATION_SIZE,ITERATION,MAKESPAN
u_c_lolo.0,512,16,5,500,1,44306.18992800004
u_c_lolo.0,512,16,5,500,2,[35478.39714600002]
u_c_lolo.0,512,16,5,500,3,[33229.642446]
u_c_lolo.0,512,16,5,500,4,[34986.871682000026]
u_c_lolo.0,512,16,5,500,5,[34086.443426000005]
u_c_lolo.0,512,16,5,500,6,[32695.777762000027]
