FILE_NAME,NUM_JOBS,NUM_MACHINES,ITERATION_SIZE,POPULATION_SIZE,ITERATION,MAKESPAN
u_c_lolo.0,512,16,5,50,1,40898.02147200003
u_c_lolo.0,512,16,5,50,2,[28969.431876]
u_c_lolo.0,512,16,5,50,3,[32705.119181000027]
u_c_lolo.0,512,16,5,50,4,[30673.516104]
u_c_lolo.0,512,16,5,50,5,[29821.47399]
u_c_lolo.0,512,16,5,50,6,[26620.44584500002]
