FILE_NAME,NUM_JOBS,NUM_MACHINES,ITERATION_SIZE,POPULATION_SIZE,ITERATION,MAKESPAN
u_c_hilo.0,512,16,5,50,1,1305647.109375
u_c_hilo.0,512,16,5,50,2,[1225709.53125]
u_c_hilo.0,512,16,5,50,3,[1039188.515625]
u_c_hilo.0,512,16,5,50,4,[959250.9375]
u_c_hilo.0,512,16,5,50,5,[900983.3300650006]
u_c_hilo.0,512,16,5,50,6,[959250.9375]
