FILE_NAME,NUM_JOBS,NUM_MACHINES,ITERATION_SIZE,POPULATION_SIZE,ITERATION,MAKESPAN
u_c_lohi.0,512,16,5,5,1,4383879.156272003
u_c_lohi.0,512,16,5,5,2,[3371574.6718920027]
u_c_lohi.0,512,16,5,5,3,[3074082.7890780023]
u_c_lohi.0,512,16,5,5,4,[3138293.2343920027]
u_c_lohi.0,512,16,5,5,5,[3322898.718768003]
u_c_lohi.0,512,16,5,5,6,[3316472.859355997]
