FILE_NAME,NUM_JOBS,NUM_MACHINES,ITERATION_SIZE,POPULATION_SIZE,ITERATION,MAKESPAN
u_c_hilo.0,512,16,5,5,1,1225709.53125
u_c_hilo.0,512,16,5,5,2,[905959.21875]
u_c_hilo.0,512,16,5,5,3,[807652.890644]
u_c_hilo.0,512,16,5,5,4,[785967.5781199993]
u_c_hilo.0,512,16,5,5,5,[826021.640625]
u_c_hilo.0,512,16,5,5,6,[785967.5781199993]
