FILE_NAME,NUM_JOBS,NUM_MACHINES,ITERATION_SIZE,POPULATION_SIZE,ITERATION,MAKESPAN
u_c_lolo.0,512,16,5,5,1,43454.14781400004
u_c_lolo.0,512,16,5,5,2,[25082.477238]
u_c_lolo.0,512,16,5,5,3,[26620.44584500002]
u_c_lolo.0,512,16,5,5,4,[28141.614179000022]
u_c_lolo.0,512,16,5,5,5,[30673.516104]
u_c_lolo.0,512,16,5,5,6,[25859.86167800002]
