FILE_NAME,NUM_JOBS,NUM_MACHINES,ITERATION_SIZE,POPULATION_SIZE,ITERATION,MAKESPAN
B.u_s_lohi,2048,64,5,100,1,4761712.319999997
B.u_s_lohi,2048,64,5,100,2,[4117576.760000001]
B.u_s_lohi,2048,64,5,100,3,[4261741.439999996]
B.u_s_lohi,2048,64,5,100,4,[4287691.5600000005]
B.u_s_lohi,2048,64,5,100,5,[4585483.210000001]
B.u_s_lohi,2048,64,5,100,6,[4662509.979999997]
