FILE_NAME,NUM_JOBS,NUM_MACHINES,ITERATION_SIZE,POPULATION_SIZE,ITERATION,MAKESPAN
B.u_s_hilo,2048,64,5,10,1,1164885.599999999
B.u_s_hilo,2048,64,5,10,2,[1180394.0400000005]
B.u_s_hilo,2048,64,5,10,3,[1185934.11]
B.u_s_hilo,2048,64,5,10,4,[1096080.1800000002]
B.u_s_hilo,2048,64,5,10,5,[961606.0800000007]
B.u_s_hilo,2048,64,5,10,6,[1068451.2000000007]
