FILE_NAME,NUM_JOBS,NUM_MACHINES,ITERATION_SIZE,POPULATION_SIZE,ITERATION,MAKESPAN
B.u_s_lohi,2048,64,5,10,1,4662509.979999997
B.u_s_lohi,2048,64,5,10,2,[4261741.439999996]
B.u_s_lohi,2048,64,5,10,3,[3968093.5999999978]
B.u_s_lohi,2048,64,5,10,4,[4067295.9399999976]
B.u_s_lohi,2048,64,5,10,5,[4196464.08]
B.u_s_lohi,2048,64,5,10,6,[3556089.020000001]
