FILE_NAME,NUM_JOBS,NUM_MACHINES,ITERATION_SIZE,POPULATION_SIZE,ITERATION,MAKESPAN
B.u_s_hilo,2048,64,5,250,1,1385182.4999999995
B.u_s_hilo,2048,64,5,250,2,[1292812.520000001]
B.u_s_hilo,2048,64,5,250,3,[1349021.7600000012]
B.u_s_hilo,2048,64,5,250,4,[1264707.9000000008]
B.u_s_hilo,2048,64,5,250,5,[1310496.2999999986]
B.u_s_hilo,2048,64,5,250,6,[1400394.620000001]
