FILE_NAME,NUM_JOBS,NUM_MACHINES,ITERATION_SIZE,POPULATION_SIZE,ITERATION,MAKESPAN
B.u_s_lohi,2048,64,5,250,1,5046746.099999996
B.u_s_lohi,2048,64,5,250,2,[4563307.639999997]
B.u_s_lohi,2048,64,5,250,3,[4364902.959999997]
B.u_s_lohi,2048,64,5,250,4,[4587950.999999998]
B.u_s_lohi,2048,64,5,250,5,[4652601.480000002]
B.u_s_lohi,2048,64,5,250,6,[4220914.92]
