FILE_NAME,NUM_JOBS,NUM_MACHINES,ITERATION_SIZE,POPULATION_SIZE,ITERATION,MAKESPAN
B.u_s_hilo,2048,64,5,500,1,1453239.7000000011
B.u_s_hilo,2048,64,5,500,2,[1321127.000000001]
B.u_s_hilo,2048,64,5,500,3,[1302071.5499999998]
B.u_s_hilo,2048,64,5,500,4,[1329775.1999999997]
B.u_s_hilo,2048,64,5,500,5,[1302071.5499999998]
B.u_s_hilo,2048,64,5,500,6,[1268281.9200000009]
