FILE_NAME,NUM_JOBS,NUM_MACHINES,ITERATION_SIZE,POPULATION_SIZE,ITERATION,MAKESPAN
B.u_s_lohi,2048,64,5,500,1,5413782.179999994
B.u_s_lohi,2048,64,5,500,2,[4563307.639999997]
B.u_s_lohi,2048,64,5,500,3,[4761712.319999997]
B.u_s_lohi,2048,64,5,500,4,[5017511.400000004]
B.u_s_lohi,2048,64,5,500,5,[4464105.299999997]
B.u_s_lohi,2048,64,5,500,6,[4364902.959999997]
