FILE_NAME,NUM_JOBS,NUM_MACHINES,ITERATION_SIZE,POPULATION_SIZE,ITERATION,MAKESPAN
u_c_lohi.0,512,16,5,1000,1,5878383.414092005
u_c_lohi.0,512,16,5,1000,2,[4383879.156272003]
u_c_lohi.0,512,16,5,1000,3,[4383879.156272003]
u_c_lohi.0,512,16,5,1000,4,[4532853.984375]
u_c_lohi.0,512,16,5,1000,5,[4338228.882836004]
u_c_lohi.0,512,16,5,1000,6,[4974709.289033995]
