FILE_NAME,NUM_JOBS,NUM_MACHINES,ITERATION_SIZE,POPULATION_SIZE,ITERATION,MAKESPAN
u_c_lolo.0,512,16,5,100,1,46010.27415600005
u_c_lolo.0,512,16,5,100,2,[32377.600331999998]
u_c_lolo.0,512,16,5,100,3,[34933.726674000005]
u_c_lolo.0,512,16,5,100,4,[32695.777762000027]
u_c_lolo.0,512,16,5,100,5,[34729.58386800001]
u_c_lolo.0,512,16,5,100,6,[30673.516104]
