FILE_NAME,NUM_JOBS,NUM_MACHINES,ITERATION_SIZE,POPULATION_SIZE,ITERATION,MAKESPAN
u_c_lolo.0,512,16,5,10,1,41750.06358600003
u_c_lolo.0,512,16,5,10,2,[27265.347648]
u_c_lolo.0,512,16,5,10,3,[27265.347648]
u_c_lolo.0,512,16,5,10,4,[26874.28730999999]
u_c_lolo.0,512,16,5,10,5,[28969.431876]
u_c_lolo.0,512,16,5,10,6,[28252.455889999987]
