FILE_NAME,NUM_JOBS,NUM_MACHINES,ITERATION_SIZE,POPULATION_SIZE,ITERATION,MAKESPAN
u_c_lohi.0,512,16,5,10,1,4782413.625024004
u_c_lohi.0,512,16,5,10,2,[3686443.835956003]
u_c_lohi.0,512,16,5,10,3,[3372366.25]
u_c_lohi.0,512,16,5,10,4,[3387542.9843920027]
u_c_lohi.0,512,16,5,10,5,[3763124.0625]
u_c_lohi.0,512,16,5,10,6,[3316472.859355997]
