FILE_NAME,NUM_JOBS,NUM_MACHINES,ITERATION_SIZE,POPULATION_SIZE,ITERATION,MAKESPAN
u_c_lohi.0,512,16,5,500,1,5380215.328152005
u_c_lohi.0,512,16,5,500,2,[4782413.625024004]
u_c_lohi.0,512,16,5,500,3,[4245926.140648004]
u_c_lohi.0,512,16,5,500,4,[4522834.367212004]
u_c_lohi.0,512,16,5,500,5,[4184611.9218960037]
u_c_lohi.0,512,16,5,500,6,[4528956.4140359955]
