FILE_NAME,NUM_JOBS,NUM_MACHINES,ITERATION_SIZE,POPULATION_SIZE,ITERATION,MAKESPAN
u_c_hilo.0,512,16,5,500,1,1465522.265625
u_c_hilo.0,512,16,5,500,2,[1209891.9003730002]
u_c_hilo.0,512,16,5,500,3,[1119126.09375]
u_c_hilo.0,512,16,5,500,4,[1172417.8125]
u_c_hilo.0,512,16,5,500,5,[1145771.953125]
u_c_hilo.0,512,16,5,500,6,[1151510.1855399988]
