FILE_NAME,NUM_JOBS,NUM_MACHINES,ITERATION_SIZE,POPULATION_SIZE,ITERATION,MAKESPAN
u_c_lolo.0,512,16,5,50,1,43454.14781400004
u_c_lolo.0,512,16,5,50,2,[34986.871682000026]
u_c_lolo.0,512,16,5,50,3,[34782.74230000002]
u_c_lolo.0,512,16,5,50,4,[30423.366680000025]
u_c_lolo.0,512,16,5,50,5,[31008.793049999982]
u_c_lolo.0,512,16,5,50,6,[33765.13020999998]
