FILE_NAME,NUM_JOBS,NUM_MACHINES,ITERATION_SIZE,POPULATION_SIZE,ITERATION,MAKESPAN
u_c_lohi.0,512,16,5,50,1,4981680.859400004
u_c_lohi.0,512,16,5,50,2,[4084978.3047080035]
u_c_lohi.0,512,16,5,50,3,[4190751.796875]
u_c_lohi.0,512,16,5,50,4,[4184611.9218960037]
u_c_lohi.0,512,16,5,50,5,[3786077.453144003]
u_c_lohi.0,512,16,5,50,6,[3876715.1718960037]
