FILE_NAME,NUM_JOBS,NUM_MACHINES,ITERATION_SIZE,POPULATION_SIZE,ITERATION,MAKESPAN
u_c_lolo.0,512,16,5,5,1,37489.853016000015
u_c_lolo.0,512,16,5,5,2,[36015.864752000016]
u_c_lolo.0,512,16,5,5,3,[26413.305534]
u_c_lolo.0,512,16,5,5,4,[28941.31989]
u_c_lolo.0,512,16,5,5,5,[25725.61768]
u_c_lolo.0,512,16,5,5,6,[26874.28730999999]
