FILE_NAME,NUM_JOBS,NUM_MACHINES,ITERATION_SIZE,POPULATION_SIZE,ITERATION,MAKESPAN
u_c_lohi.0,512,16,5,5,1,4583146.390648004
u_c_lohi.0,512,16,5,5,2,[3692109.6875200034]
u_c_lohi.0,512,16,5,5,3,[3418080.3124799966]
u_c_lohi.0,512,16,5,5,4,[3415201.460956003]
u_c_lohi.0,512,16,5,5,5,[3403748.4609179967]
u_c_lohi.0,512,16,5,5,6,[3249970.78125]
