FILE_NAME,NUM_JOBS,NUM_MACHINES,ITERATION_SIZE,POPULATION_SIZE,ITERATION,MAKESPAN
A.u_i_lolo,1024,32,5,100,1,3458.2499999999973
A.u_i_lolo,1024,32,5,100,2,[3304.5499999999975]
A.u_i_lolo,1024,32,5,100,3,[2920.299999999998]
A.u_i_lolo,1024,32,5,100,4,[2997.149999999998]
A.u_i_lolo,1024,32,5,100,5,[2920.299999999998]
A.u_i_lolo,1024,32,5,100,6,[2643.899999999999]
