FILE_NAME,NUM_JOBS,NUM_MACHINES,ITERATION_SIZE,POPULATION_SIZE,ITERATION,MAKESPAN
A.u_i_lohi,1024,32,5,100,1,38999.04000000001
A.u_i_lohi,1024,32,5,100,2,[31749.749999999978]
A.u_i_lohi,1024,32,5,100,3,[30338.64999999998]
A.u_i_lohi,1024,32,5,100,4,[32455.299999999977]
A.u_i_lohi,1024,32,5,100,5,[32277.95999999998]
A.u_i_lohi,1024,32,5,100,6,[30415.769999999982]
