FILE_NAME,NUM_JOBS,NUM_MACHINES,ITERATION_SIZE,POPULATION_SIZE,ITERATION,MAKESPAN
A.u_i_hilo,1024,32,5,100,1,27972331.00000001
A.u_i_hilo,1024,32,5,100,2,[25181937.60000001]
A.u_i_hilo,1024,32,5,100,3,[27700131.360000014]
A.u_i_hilo,1024,32,5,100,4,[25512042.32999999]
A.u_i_hilo,1024,32,5,100,5,[27291952.259999987]
A.u_i_hilo,1024,32,5,100,6,[24325435.709999993]
