FILE_NAME,NUM_JOBS,NUM_MACHINES,ITERATION_SIZE,POPULATION_SIZE,ITERATION,MAKESPAN
A.u_i_lohi,1024,32,5,10,1,33311.679999999986
A.u_i_lohi,1024,32,5,10,2,[30338.64999999998]
A.u_i_lohi,1024,32,5,10,3,[29633.09999999998]
A.u_i_lohi,1024,32,5,10,4,[31044.19999999998]
A.u_i_lohi,1024,32,5,10,5,[28436.79999999999]
A.u_i_lohi,1024,32,5,10,6,[26691.389999999985]
