FILE_NAME,NUM_JOBS,NUM_MACHINES,ITERATION_SIZE,POPULATION_SIZE,ITERATION,MAKESPAN
A.u_i_hilo,1024,32,5,10,1,26441034.48000001
A.u_i_hilo,1024,32,5,10,2,[24325435.709999993]
A.u_i_hilo,1024,32,5,10,3,[23293292.280000005]
A.u_i_hilo,1024,32,5,10,4,[23732132.399999995]
A.u_i_hilo,1024,32,5,10,5,[22210906.959999993]
A.u_i_hilo,1024,32,5,10,6,[21258971.56]
