FILE_NAME,NUM_JOBS,NUM_MACHINES,ITERATION_SIZE,POPULATION_SIZE,ITERATION,MAKESPAN
A.u_i_lohi,1024,32,5,250,1,44686.40000000003
A.u_i_lohi,1024,32,5,250,2,[34124.15999999999]
A.u_i_lohi,1024,32,5,250,3,[32499.199999999986]
A.u_i_lohi,1024,32,5,250,4,[33311.679999999986]
A.u_i_lohi,1024,32,5,250,5,[28723.78000000001]
A.u_i_lohi,1024,32,5,250,6,[31044.19999999998]
