FILE_NAME,NUM_JOBS,NUM_MACHINES,ITERATION_SIZE,POPULATION_SIZE,ITERATION,MAKESPAN
A.u_i_lolo,1024,32,5,250,1,3688.799999999997
A.u_i_lolo,1024,32,5,250,2,[3227.6999999999975]
A.u_i_lolo,1024,32,5,250,3,[2843.449999999998]
A.u_i_lolo,1024,32,5,250,4,[2832.7499999999986]
A.u_i_lolo,1024,32,5,250,5,[2643.899999999999]
A.u_i_lolo,1024,32,5,250,6,[2766.599999999998]
