FILE_NAME,NUM_JOBS,NUM_MACHINES,ITERATION_SIZE,POPULATION_SIZE,ITERATION,MAKESPAN
A.u_i_lolo,1024,32,5,500,1,4073.0499999999965
A.u_i_lolo,1024,32,5,500,2,[3073.9999999999977]
A.u_i_lolo,1024,32,5,500,3,[3073.9999999999977]
A.u_i_lolo,1024,32,5,500,4,[2997.149999999998]
A.u_i_lolo,1024,32,5,500,5,[3150.8499999999976]
A.u_i_lolo,1024,32,5,500,6,[2895.6999999999985]
