FILE_NAME,NUM_JOBS,NUM_MACHINES,ITERATION_SIZE,POPULATION_SIZE,ITERATION,MAKESPAN
A.u_i_hilo,1024,32,5,500,1,30847873.56000002
A.u_i_hilo,1024,32,5,500,2,[28329679.800000016]
A.u_i_hilo,1024,32,5,500,3,[26441034.48000001]
A.u_i_hilo,1024,32,5,500,4,[26853437.76000001]
A.u_i_hilo,1024,32,5,500,5,[25181937.60000001]
A.u_i_hilo,1024,32,5,500,6,[27885255.569999985]
