FILE_NAME,NUM_JOBS,NUM_MACHINES,ITERATION_SIZE,POPULATION_SIZE,ITERATION,MAKESPAN
A.u_i_hilo,1024,32,5,50,1,25811486.04000001
A.u_i_hilo,1024,32,5,50,2,[25811486.04000001]
A.u_i_hilo,1024,32,5,50,3,[24552389.160000008]
A.u_i_hilo,1024,32,5,50,4,[27700131.360000014]
A.u_i_hilo,1024,32,5,50,5,[22937311.42]
A.u_i_hilo,1024,32,5,50,6,[26853437.76000001]
