FILE_NAME,NUM_JOBS,NUM_MACHINES,ITERATION_SIZE,POPULATION_SIZE,ITERATION,MAKESPAN
A.u_i_lohi,1024,32,5,50,1,38186.560000000005
A.u_i_lohi,1024,32,5,50,2,[31686.719999999987]
A.u_i_lohi,1024,32,5,50,3,[30874.239999999987]
A.u_i_lohi,1024,32,5,50,4,[28436.79999999999]
A.u_i_lohi,1024,32,5,50,5,[32499.199999999986]
A.u_i_lohi,1024,32,5,50,6,[26070.659999999985]
