FILE_NAME,NUM_JOBS,NUM_MACHINES,ITERATION_SIZE,POPULATION_SIZE,ITERATION,MAKESPAN
A.u_i_lolo,1024,32,5,50,1,3535.099999999997
A.u_i_lolo,1024,32,5,50,2,[2766.599999999998]
A.u_i_lolo,1024,32,5,50,3,[2612.8999999999983]
A.u_i_lolo,1024,32,5,50,4,[2843.449999999998]
A.u_i_lolo,1024,32,5,50,5,[2612.8999999999983]
A.u_i_lolo,1024,32,5,50,6,[2612.8999999999983]
