FILE_NAME,NUM_JOBS,NUM_MACHINES,ITERATION_SIZE,POPULATION_SIZE,ITERATION,MAKESPAN
A.u_i_lolo,1024,32,5,5,1,3073.9999999999977
A.u_i_lolo,1024,32,5,5,2,[2920.299999999998]
A.u_i_lolo,1024,32,5,5,3,[2689.749999999998]
A.u_i_lolo,1024,32,5,5,4,[2536.0499999999984]
A.u_i_lolo,1024,32,5,5,5,[2382.3499999999985]
A.u_i_lolo,1024,32,5,5,6,[2295.92]
