FILE_NAME,NUM_JOBS,NUM_MACHINES,ITERATION_SIZE,POPULATION_SIZE,ITERATION,MAKESPAN
A.u_i_lolo,1024,32,5,10,1,3227.6999999999975
A.u_i_lolo,1024,32,5,10,2,[2766.599999999998]
A.u_i_lolo,1024,32,5,10,3,[2580.9499999999994]
A.u_i_lolo,1024,32,5,10,4,[2612.8999999999983]
A.u_i_lolo,1024,32,5,10,5,[2580.9499999999994]
A.u_i_lolo,1024,32,5,10,6,[2643.899999999999]
