FILE_NAME,NUM_JOBS,NUM_MACHINES,ITERATION_SIZE,POPULATION_SIZE,ITERATION,MAKESPAN
A.u_i_hilo,1024,32,5,250,1,31477422.000000022
A.u_i_hilo,1024,32,5,250,2,[29588776.68000002]
A.u_i_hilo,1024,32,5,250,3,[29650670.860000014]
A.u_i_hilo,1024,32,5,250,4,[30218325.12000002]
A.u_i_hilo,1024,32,5,250,5,[25512042.32999999]
A.u_i_hilo,1024,32,5,250,6,[24552389.160000008]
