FILE_NAME,NUM_JOBS,NUM_MACHINES,ITERATION_SIZE,POPULATION_SIZE,ITERATION,MAKESPAN
A.u_i_lohi,1024,32,5,500,1,42248.96000000002
A.u_i_lohi,1024,32,5,500,2,[37374.08]
A.u_i_lohi,1024,32,5,500,3,[34936.63999999999]
A.u_i_lohi,1024,32,5,500,4,[34124.15999999999]
A.u_i_lohi,1024,32,5,500,5,[31941.299999999974]
A.u_i_lohi,1024,32,5,500,6,[35749.119999999995]
