FILE_NAME,NUM_JOBS,NUM_MACHINES,ITERATION_SIZE,POPULATION_SIZE,ITERATION,MAKESPAN
A.u_i_hilo,1024,32,5,5,1,23293292.280000005
A.u_i_hilo,1024,32,5,5,2,[23243972.39999999]
A.u_i_hilo,1024,32,5,5,3,[23243972.39999999]
A.u_i_hilo,1024,32,5,5,4,[22937311.42]
A.u_i_hilo,1024,32,5,5,5,[22210906.959999993]
A.u_i_hilo,1024,32,5,5,6,[21352010.0]
