FILE_NAME,NUM_JOBS,NUM_MACHINES,ITERATION_SIZE,POPULATION_SIZE,ITERATION,MAKESPAN
A.u_i_lohi,1024,32,5,5,1,37374.08
A.u_i_lohi,1024,32,5,5,2,[30874.239999999987]
A.u_i_lohi,1024,32,5,5,3,[28927.54999999998]
A.u_i_lohi,1024,32,5,5,4,[29348.21000000001]
A.u_i_lohi,1024,32,5,5,5,[28436.79999999999]
A.u_i_lohi,1024,32,5,5,6,[27516.449999999983]
