FILE_NAME,NUM_JOBS,NUM_MACHINES,ITERATION_SIZE,POPULATION_SIZE,ITERATION,MAKESPAN
u_c_lohi.0,512,16,5,100,1,4682780.007836004
u_c_lohi.0,512,16,5,100,2,[4264050.320334003]
u_c_lohi.0,512,16,5,100,3,[4462378.242210004]
u_c_lohi.0,512,16,5,100,4,[4153623.398460004]
u_c_lohi.0,512,16,5,100,5,[3867394.4765820033]
u_c_lohi.0,512,16,5,100,6,[4462378.242210004]
