FILE_NAME,NUM_JOBS,NUM_MACHINES,ITERATION_SIZE,POPULATION_SIZE,ITERATION,MAKESPAN
u_c_hilo.0,512,16,5,100,1,1279001.25
u_c_hilo.0,512,16,5,100,2,[1145771.953125]
u_c_hilo.0,512,16,5,100,3,[1168971.2890899994]
u_c_hilo.0,512,16,5,100,4,[1092480.234375]
u_c_hilo.0,512,16,5,100,5,[984017.7949159989]
u_c_hilo.0,512,16,5,100,6,[1106922.3769370005]
