FILE_NAME,NUM_JOBS,NUM_MACHINES,ITERATION_SIZE,POPULATION_SIZE,ITERATION,MAKESPAN
u_c_lolo.0,512,16,5,100,1,41750.06358600003
u_c_lolo.0,512,16,5,100,2,[40045.979358000026]
u_c_lolo.0,512,16,5,100,3,[41071.54501800003]
u_c_lolo.0,512,16,5,100,4,[32386.96162999998]
u_c_lolo.0,512,16,5,100,5,[37268.62418300003]
u_c_lolo.0,512,16,5,100,6,[33391.432608000025]
