FILE_NAME,NUM_JOBS,NUM_MACHINES,ITERATION_SIZE,POPULATION_SIZE,ITERATION,MAKESPAN
u_c_hilo.0,512,16,5,10,1,1172417.8125
u_c_hilo.0,512,16,5,10,2,[1003952.8535010007]
u_c_hilo.0,512,16,5,10,3,[932605.078125]
u_c_hilo.0,512,16,5,10,4,[1055437.6152190007]
u_c_hilo.0,512,16,5,10,5,[959250.9375]
u_c_hilo.0,512,16,5,10,6,[900983.3300650006]
