FILE_NAME,NUM_JOBS,NUM_MACHINES,ITERATION_SIZE,POPULATION_SIZE,ITERATION,MAKESPAN
u_c_lohi.0,512,16,5,10,1,4184611.9218960037
u_c_lohi.0,512,16,5,10,2,[4153623.398460004]
u_c_lohi.0,512,16,5,10,3,[3786077.453144003]
u_c_lohi.0,512,16,5,10,4,[3686443.835956003]
u_c_lohi.0,512,16,5,10,5,[4101696.3749759956]
u_c_lohi.0,512,16,5,10,6,[3599806.9453320033]
