FILE_NAME,NUM_JOBS,NUM_MACHINES,ITERATION_SIZE,POPULATION_SIZE,ITERATION,MAKESPAN
u_c_lolo.0,512,16,5,10,1,34933.726674000005
u_c_lolo.0,512,16,5,10,2,[34081.68456]
u_c_lolo.0,512,16,5,10,3,[31525.558218]
u_c_lolo.0,512,16,5,10,4,[29821.47399]
u_c_lolo.0,512,16,5,10,5,[30423.366680000025]
u_c_lolo.0,512,16,5,10,6,[29584.460332]
