FILE_NAME,NUM_JOBS,NUM_MACHINES,ITERATION_SIZE,POPULATION_SIZE,ITERATION,MAKESPAN
u_c_lolo.0,512,16,5,250,1,44306.18992800004
u_c_lolo.0,512,16,5,250,2,[36637.81090200001]
u_c_lolo.0,512,16,5,250,3,[34986.871682000026]
u_c_lolo.0,512,16,5,250,4,[36508.04001600003]
u_c_lolo.0,512,16,5,250,5,[35785.76878800001]
u_c_lolo.0,512,16,5,250,6,[31697.87733999998]
