FILE_NAME,NUM_JOBS,NUM_MACHINES,ITERATION_SIZE,POPULATION_SIZE,ITERATION,MAKESPAN
u_c_hilo.0,512,16,5,250,1,1279001.25
u_c_hilo.0,512,16,5,250,2,[1184149.5195140003]
u_c_hilo.0,512,16,5,250,3,[1132664.7577960005]
u_c_hilo.0,512,16,5,250,4,[1209891.9003730002]
u_c_hilo.0,512,16,5,250,5,[1092480.234375]
u_c_hilo.0,512,16,5,250,6,[1199063.671875]
