FILE_NAME,NUM_JOBS,NUM_MACHINES,ITERATION_SIZE,POPULATION_SIZE,ITERATION,MAKESPAN
u_c_lolo.0,512,16,5,500,1,38341.89513000002
u_c_lolo.0,512,16,5,500,2,[42602.10570000004]
u_c_lolo.0,512,16,5,500,3,[37489.853016000015]
u_c_lolo.0,512,16,5,500,4,[34933.726674000005]
u_c_lolo.0,512,16,5,500,5,[34081.68456]
u_c_lolo.0,512,16,5,500,6,[35785.76878800001]
