FILE_NAME,NUM_JOBS,NUM_MACHINES,ITERATION_SIZE,POPULATION_SIZE,ITERATION,MAKESPAN
u_c_lohi.0,512,16,5,500,1,5076650.820340005
u_c_lohi.0,512,16,5,500,2,[4759870.125024004]
u_c_lohi.0,512,16,5,500,3,[5046007.265625]
u_c_lohi.0,512,16,5,500,4,[4264050.320334003]
u_c_lohi.0,512,16,5,500,5,[4682780.007836004]
u_c_lohi.0,512,16,5,500,6,[4363214.281272003]
