FILE_NAME,NUM_JOBS,NUM_MACHINES,ITERATION_SIZE,POPULATION_SIZE,ITERATION,MAKESPAN
u_c_lolo.0,512,16,5,50,1,37489.853016000015
u_c_lolo.0,512,16,5,50,2,[32000.122916000026]
u_c_lolo.0,512,16,5,50,3,[31183.950847000026]
u_c_lolo.0,512,16,5,50,4,[29821.47399]
u_c_lolo.0,512,16,5,50,5,[33465.703348000025]
u_c_lolo.0,512,16,5,50,6,[28941.540179999985]
