FILE_NAME,NUM_JOBS,NUM_MACHINES,ITERATION_SIZE,POPULATION_SIZE,ITERATION,MAKESPAN
u_c_hilo.0,512,16,5,50,1,1305647.109375
u_c_hilo.0,512,16,5,50,2,[1132664.7577960005]
u_c_hilo.0,512,16,5,50,3,[1029695.2343600007]
u_c_hilo.0,512,16,5,50,4,[900983.3300650006]
u_c_hilo.0,512,16,5,50,5,[1055437.6152190007]
u_c_hilo.0,512,16,5,50,6,[1004954.3437439989]
