FILE_NAME,NUM_JOBS,NUM_MACHINES,ITERATION_SIZE,POPULATION_SIZE,ITERATION,MAKESPAN
u_c_lohi.0,512,16,5,5,1,4430531.625024004
u_c_lohi.0,512,16,5,5,2,[4383879.156272003]
u_c_lohi.0,512,16,5,5,3,[3985344.6875200034]
u_c_lohi.0,512,16,5,5,4,[3674436.335915996]
u_c_lohi.0,512,16,5,5,5,[3674436.335915996]
u_c_lohi.0,512,16,5,5,6,[3669066.554706003]
