FILE_NAME,NUM_JOBS,NUM_MACHINES,ITERATION_SIZE,POPULATION_SIZE,ITERATION,MAKESPAN
u_c_lolo.0,512,16,5,1000,1,48566.40049800006
u_c_lolo.0,512,16,5,1000,2,[36637.81090200001]
u_c_lolo.0,512,16,5,1000,3,[44306.18992800004]
u_c_lolo.0,512,16,5,1000,4,[40898.02147200003]
u_c_lolo.0,512,16,5,1000,5,[36637.81090200001]
u_c_lolo.0,512,16,5,1000,6,[34933.726674000005]
