FILE_NAME,NUM_JOBS,NUM_MACHINES,ITERATION_SIZE,POPULATION_SIZE,ITERATION,MAKESPAN
u_c_hilo.0,512,16,5,1000,1,1545459.84375
u_c_hilo.0,512,16,5,1000,2,[1225709.53125]
u_c_hilo.0,512,16,5,1000,3,[1209891.9003730002]
u_c_hilo.0,512,16,5,1000,4,[1199063.671875]
u_c_hilo.0,512,16,5,1000,5,[1158407.1386550004]
u_c_hilo.0,512,16,5,1000,6,[1132664.7577960005]
