FILE_NAME,NUM_JOBS,NUM_MACHINES,ITERATION_SIZE,POPULATION_SIZE,ITERATION,MAKESPAN
u_c_hilo.0,512,16,5,100,1,1438876.40625
u_c_hilo.0,512,16,5,100,2,[1184149.5195140003]
u_c_hilo.0,512,16,5,100,3,[1098667.3359240014]
u_c_hilo.0,512,16,5,100,4,[1055437.6152190007]
u_c_hilo.0,512,16,5,100,5,[1132664.7577960005]
u_c_hilo.0,512,16,5,100,6,[1055437.6152190007]
