FILE_NAME,NUM_JOBS,NUM_MACHINES,ITERATION_SIZE,POPULATION_SIZE,ITERATION,MAKESPAN
u_c_lohi.0,512,16,5,100,1,5579482.562528005
u_c_lohi.0,512,16,5,100,2,[4284245.539084003]
u_c_lohi.0,512,16,5,100,3,[4084978.3047080035]
u_c_lohi.0,512,16,5,100,4,[3930792.359351996]
u_c_lohi.0,512,16,5,100,5,[4682780.007836004]
u_c_lohi.0,512,16,5,100,6,[3786077.453144003]
