FILE_NAME,NUM_JOBS,NUM_MACHINES,ITERATION_SIZE,POPULATION_SIZE,ITERATION,MAKESPAN
u_c_hilo.0,512,16,5,10,1,1279001.25
u_c_hilo.0,512,16,5,10,2,[959250.9375]
u_c_hilo.0,512,16,5,10,3,[952468.0917830006]
u_c_hilo.0,512,16,5,10,4,[978210.4726420006]
u_c_hilo.0,512,16,5,10,5,[1003952.8535010007]
u_c_hilo.0,512,16,5,10,6,[978210.4726420006]
