FILE_NAME,NUM_JOBS,NUM_MACHINES,ITERATION_SIZE,POPULATION_SIZE,ITERATION,MAKESPAN
u_c_hilo.0,512,16,5,250,1,1441573.3281039994
u_c_hilo.0,512,16,5,250,2,[1225709.53125]
u_c_hilo.0,512,16,5,250,3,[1199063.671875]
u_c_hilo.0,512,16,5,250,4,[1081179.9960780006]
u_c_hilo.0,512,16,5,250,5,[1158407.1386550004]
u_c_hilo.0,512,16,5,250,6,[1132664.7577960005]
