FILE_NAME,NUM_JOBS,NUM_MACHINES,ITERATION_SIZE,POPULATION_SIZE,ITERATION,MAKESPAN
u_c_lohi.0,512,16,5,250,1,5353559.046904005
u_c_lohi.0,512,16,5,250,2,[4682780.007836004]
u_c_lohi.0,512,16,5,250,3,[4532853.984375]
u_c_lohi.0,512,16,5,250,4,[4445391.875]
u_c_lohi.0,512,16,5,250,5,[4538331.281223996]
u_c_lohi.0,512,16,5,250,6,[4184611.9218960037]
