FILE_NAME,NUM_JOBS,NUM_MACHINES,ITERATION_SIZE,POPULATION_SIZE,ITERATION,MAKESPAN
u_c_lolo.0,512,16,5,500,1,49418.442612000064
u_c_lolo.0,512,16,5,500,2,[34933.726674000005]
u_c_lolo.0,512,16,5,500,3,[35785.76878800001]
u_c_lolo.0,512,16,5,500,4,[37210.551659999976]
u_c_lolo.0,512,16,5,500,5,[38341.89513000002]
u_c_lolo.0,512,16,5,500,6,[34933.726674000005]
