FILE_NAME,NUM_JOBS,NUM_MACHINES,ITERATION_SIZE,POPULATION_SIZE,ITERATION,MAKESPAN
u_c_hilo.0,512,16,5,50,1,1287119.04295
u_c_hilo.0,512,16,5,50,2,[1029695.2343600007]
u_c_hilo.0,512,16,5,50,3,[985896.796875]
u_c_hilo.0,512,16,5,50,4,[1043784.5215049989]
u_c_hilo.0,512,16,5,50,5,[1025890.8925719989]
u_c_hilo.0,512,16,5,50,6,[959250.9375]
