FILE_NAME,NUM_JOBS,NUM_MACHINES,ITERATION_SIZE,POPULATION_SIZE,ITERATION,MAKESPAN
u_c_hilo.0,512,16,5,5,1,1364346.1855269996
u_c_hilo.0,512,16,5,5,2,[856262.9003849991]
u_c_hilo.0,512,16,5,5,3,[926725.7109240006]
u_c_hilo.0,512,16,5,5,4,[900983.3300650006]
u_c_hilo.0,512,16,5,5,5,[871414.960958]
u_c_hilo.0,512,16,5,5,6,[786398.867206]
