FILE_NAME,NUM_JOBS,NUM_MACHINES,ITERATION_SIZE,POPULATION_SIZE,ITERATION,MAKESPAN
u_c_lolo.0,512,16,5,100,1,46010.27415600005
u_c_lolo.0,512,16,5,100,2,[32695.777762000027]
u_c_lolo.0,512,16,5,100,3,[31697.87733999998]
u_c_lolo.0,512,16,5,100,4,[35143.29878999998]
u_c_lolo.0,512,16,5,100,5,[32705.119181000027]
u_c_lolo.0,512,16,5,100,6,[30227.600774]
