FILE_NAME,NUM_JOBS,NUM_MACHINES,ITERATION_SIZE,POPULATION_SIZE,ITERATION,MAKESPAN
u_c_lohi.0,512,16,5,100,1,5679116.179716005
u_c_lohi.0,512,16,5,100,2,[4065722.3984580035]
u_c_lohi.0,512,16,5,100,3,[4284245.539084003]
u_c_lohi.0,512,16,5,100,4,[4383879.156272003]
u_c_lohi.0,512,16,5,100,5,[4065722.3984580035]
u_c_lohi.0,512,16,5,100,6,[4184611.9218960037]
