FILE_NAME,NUM_JOBS,NUM_MACHINES,ITERATION_SIZE,POPULATION_SIZE,ITERATION,MAKESPAN
u_c_lolo.0,512,16,5,10,1,40898.02147200003
u_c_lolo.0,512,16,5,10,2,[29662.782513000024]
u_c_lolo.0,512,16,5,10,3,[28969.431876]
u_c_lolo.0,512,16,5,10,4,[26874.28730999999]
u_c_lolo.0,512,16,5,10,5,[26185.20301999999]
u_c_lolo.0,512,16,5,10,6,[27285.45068800002]
