FILE_NAME,NUM_JOBS,NUM_MACHINES,ITERATION_SIZE,POPULATION_SIZE,ITERATION,MAKESPAN
u_c_hilo.0,512,16,5,10,1,1252355.390625
u_c_hilo.0,512,16,5,10,2,[1158407.1386550004]
u_c_hilo.0,512,16,5,10,3,[900983.3300650006]
u_c_hilo.0,512,16,5,10,4,[891961.3183769991]
u_c_hilo.0,512,16,5,10,5,[900983.3300650006]
u_c_hilo.0,512,16,5,10,6,[910939.2187679991]
