FILE_NAME,NUM_JOBS,NUM_MACHINES,ITERATION_SIZE,POPULATION_SIZE,ITERATION,MAKESPAN
u_c_lohi.0,512,16,5,250,1,5679116.179716005
u_c_lohi.0,512,16,5,250,2,[4383879.156272003]
u_c_lohi.0,512,16,5,250,3,[4561542.203148004]
u_c_lohi.0,512,16,5,250,4,[4153623.398460004]
u_c_lohi.0,512,16,5,250,5,[4153623.398460004]
u_c_lohi.0,512,16,5,250,6,[4084978.3047080035]
