FILE_NAME,NUM_JOBS,NUM_MACHINES,ITERATION_SIZE,POPULATION_SIZE,ITERATION,MAKESPAN
u_c_hilo.0,512,16,5,250,1,1518813.984375
u_c_hilo.0,512,16,5,250,2,[1012542.65625]
u_c_hilo.0,512,16,5,250,3,[1158407.1386550004]
u_c_hilo.0,512,16,5,250,4,[1092480.234375]
u_c_hilo.0,512,16,5,250,5,[1002108.6621029989]
u_c_hilo.0,512,16,5,250,6,[1172446.7343679988]
