FILE_NAME,NUM_JOBS,NUM_MACHINES,ITERATION_SIZE,POPULATION_SIZE,ITERATION,MAKESPAN
u_c_lolo.0,512,16,5,250,1,42602.10570000004
u_c_lolo.0,512,16,5,250,2,[34086.443426000005]
u_c_lolo.0,512,16,5,250,3,[33391.432608000025]
u_c_lolo.0,512,16,5,250,4,[32800.162542]
u_c_lolo.0,512,16,5,250,5,[32377.600331999998]
u_c_lolo.0,512,16,5,250,6,[31525.558218]
