FILE_NAME,NUM_JOBS,NUM_MACHINES,ITERATION_SIZE,POPULATION_SIZE,ITERATION,MAKESPAN
u_c_lohi.0,512,16,5,50,1,5180948.093776004
u_c_lohi.0,512,16,5,50,2,[3692109.6875200034]
u_c_lohi.0,512,16,5,50,3,[3985344.6875200034]
u_c_lohi.0,512,16,5,50,4,[3876715.1718960037]
u_c_lohi.0,512,16,5,50,5,[3599806.9453320033]
u_c_lohi.0,512,16,5,50,6,[3470738.632830003]
