FILE_NAME,NUM_JOBS,NUM_MACHINES,ITERATION_SIZE,POPULATION_SIZE,ITERATION,MAKESPAN
u_c_lohi.0,512,16,5,250,1,4759870.125024004
u_c_lohi.0,512,16,5,250,2,[4447328.4375]
u_c_lohi.0,512,16,5,250,3,[4981680.859400004]
u_c_lohi.0,512,16,5,250,4,[4272600.390599996]
u_c_lohi.0,512,16,5,250,5,[4660706.164086004]
u_c_lohi.0,512,16,5,250,6,[4284245.539084003]
