FILE_NAME,NUM_JOBS,NUM_MACHINES,ITERATION_SIZE,POPULATION_SIZE,ITERATION,MAKESPAN
u_c_hilo.0,512,16,5,500,1,1261376.662091
u_c_hilo.0,512,16,5,500,2,[1279001.25]
u_c_hilo.0,512,16,5,500,3,[1199063.671875]
u_c_hilo.0,512,16,5,500,4,[1172417.8125]
u_c_hilo.0,512,16,5,500,5,[1132664.7577960005]
u_c_hilo.0,512,16,5,500,6,[1039188.515625]
