FILE_NAME,NUM_JOBS,NUM_MACHINES,ITERATION_SIZE,POPULATION_SIZE,ITERATION,MAKESPAN
u_c_lohi.0,512,16,5,50,1,4859034.085962004
u_c_lohi.0,512,16,5,50,2,[4284245.539084003]
u_c_lohi.0,512,16,5,50,3,[3934175.15625]
u_c_lohi.0,512,16,5,50,4,[4084978.3047080035]
u_c_lohi.0,512,16,5,50,5,[4084978.3047080035]
u_c_lohi.0,512,16,5,50,6,[4184611.9218960037]
