FILE_NAME,NUM_JOBS,NUM_MACHINES,ITERATION_SIZE,POPULATION_SIZE,ITERATION,MAKESPAN
u_c_hilo.0,512,16,5,5,1,1119126.09375
u_c_hilo.0,512,16,5,5,2,[978210.4726420006]
u_c_hilo.0,512,16,5,5,3,[985896.796875]
u_c_hilo.0,512,16,5,5,4,[959250.9375]
u_c_hilo.0,512,16,5,5,5,[1029695.2343600007]
u_c_hilo.0,512,16,5,5,6,[926725.7109240006]
