FILE_NAME,NUM_JOBS,NUM_MACHINES,ITERATION_SIZE,POPULATION_SIZE,ITERATION,MAKESPAN
u_c_lolo.0,512,16,5,5,1,33465.703348000025
u_c_lolo.0,512,16,5,5,2,[29821.47399]
u_c_lolo.0,512,16,5,5,3,[30673.516104]
u_c_lolo.0,512,16,5,5,4,[29662.782513000024]
u_c_lolo.0,512,16,5,5,5,[28521.84868600002]
u_c_lolo.0,512,16,5,5,6,[27563.371599999988]
