FILE_NAME,NUM_JOBS,NUM_MACHINES,ITERATION_SIZE,POPULATION_SIZE,ITERATION,MAKESPAN
B.u_s_hilo,2048,64,5,100,1,1433335.6200000015
B.u_s_hilo,2048,64,5,100,2,[1268281.9200000009]
B.u_s_hilo,2048,64,5,100,3,[1191256.9500000002]
B.u_s_hilo,2048,64,5,100,4,[1377126.3800000013]
B.u_s_hilo,2048,64,5,100,5,[1246664.25]
B.u_s_hilo,2048,64,5,100,6,[1184334.2]
