FILE_NAME,NUM_JOBS,NUM_MACHINES,ITERATION_SIZE,POPULATION_SIZE,ITERATION,MAKESPAN
B.u_s_lohi,2048,64,5,50,1,4470146.520000001
B.u_s_lohi,2048,64,5,50,2,[4084168.8799999957]
B.u_s_lohi,2048,64,5,50,3,[4023995.470000001]
B.u_s_lohi,2048,64,5,50,4,[3968093.5999999978]
B.u_s_lohi,2048,64,5,50,5,[3769688.919999998]
B.u_s_lohi,2048,64,5,50,6,[3831554.1599999997]
