FILE_NAME,NUM_JOBS,NUM_MACHINES,ITERATION_SIZE,POPULATION_SIZE,ITERATION,MAKESPAN
B.u_s_hilo,2048,64,5,50,1,1489544.8600000017
B.u_s_hilo,2048,64,5,50,2,[1285128.6000000003]
B.u_s_hilo,2048,64,5,50,3,[1236603.2800000007]
B.u_s_hilo,2048,64,5,50,4,[1133936.9999999998]
B.u_s_hilo,2048,64,5,50,5,[1163553.3000000003]
B.u_s_hilo,2048,64,5,50,6,[1159135.5999999999]
