FILE_NAME,NUM_JOBS,NUM_MACHINES,ITERATION_SIZE,POPULATION_SIZE,ITERATION,MAKESPAN
B.u_s_lohi,2048,64,5,5,1,4378919.040000001
B.u_s_lohi,2048,64,5,5,2,[4287691.5600000005]
B.u_s_lohi,2048,64,5,5,3,[4023995.470000001]
B.u_s_lohi,2048,64,5,5,4,[3868891.259999998]
B.u_s_lohi,2048,64,5,5,5,[3930414.180000001]
B.u_s_lohi,2048,64,5,5,6,[3670486.579999998]
