FILE_NAME,NUM_JOBS,NUM_MACHINES,ITERATION_SIZE,POPULATION_SIZE,ITERATION,MAKESPAN
B.u_s_hilo,2048,64,5,5,1,1096080.1800000002
B.u_s_hilo,2048,64,5,5,2,[1152289.4200000004]
B.u_s_hilo,2048,64,5,5,3,[1208498.6600000006]
B.u_s_hilo,2048,64,5,5,4,[1068451.2000000007]
B.u_s_hilo,2048,64,5,5,5,[1067975.56]
B.u_s_hilo,2048,64,5,5,6,[1011766.32]
