FILE_NAME,NUM_JOBS,NUM_MACHINES,ITERATION_SIZE,POPULATION_SIZE,ITERATION,MAKESPAN
u_c_lolo.0,512,16,5,1000,1,47714.35838400006
u_c_lolo.0,512,16,5,1000,2,[36174.051992000015]
u_c_lolo.0,512,16,5,1000,3,[35143.29878999998]
u_c_lolo.0,512,16,5,1000,4,[34081.68456]
u_c_lolo.0,512,16,5,1000,5,[37899.635949999974]
u_c_lolo.0,512,16,5,1000,6,[36637.81090200001]
