FILE_NAME,NUM_JOBS,NUM_MACHINES,ITERATION_SIZE,POPULATION_SIZE,ITERATION,MAKESPAN
u_c_lohi.0,512,16,5,1000,1,5579482.562528005
u_c_lohi.0,512,16,5,1000,2,[4614408.421847995]
u_c_lohi.0,512,16,5,1000,3,[4383879.156272003]
u_c_lohi.0,512,16,5,1000,4,[4625606.8827859955]
u_c_lohi.0,512,16,5,1000,5,[4789430.625]
u_c_lohi.0,512,16,5,1000,6,[4358052.398411996]
