FILE_NAME,NUM_JOBS,NUM_MACHINES,ITERATION_SIZE,POPULATION_SIZE,ITERATION,MAKESPAN
u_c_hilo.0,512,16,5,1000,1,1544542.851539999
u_c_hilo.0,512,16,5,1000,2,[1225709.53125]
u_c_hilo.0,512,16,5,1000,3,[1158407.1386550004]
u_c_hilo.0,512,16,5,1000,4,[1199063.671875]
u_c_hilo.0,512,16,5,1000,5,[1184149.5195140003]
u_c_hilo.0,512,16,5,1000,6,[1184149.5195140003]
