FILE_NAME,NUM_JOBS,NUM_MACHINES,ITERATION_SIZE,POPULATION_SIZE,ITERATION,MAKESPAN
u_c_hilo.0,512,16,5,100,1,1518813.984375
u_c_hilo.0,512,16,5,100,2,[1106922.3769370005]
u_c_hilo.0,512,16,5,100,3,[1092480.234375]
u_c_hilo.0,512,16,5,100,4,[978210.4726420006]
u_c_hilo.0,512,16,5,100,5,[978210.4726420006]
u_c_hilo.0,512,16,5,100,6,[1132664.7577960005]
