FILE_NAME,NUM_JOBS,NUM_MACHINES,ITERATION_SIZE,POPULATION_SIZE,ITERATION,MAKESPAN
u_c_lolo.0,512,16,5,100,1,46862.316270000054
u_c_lolo.0,512,16,5,100,2,[37203.372612]
u_c_lolo.0,512,16,5,100,3,[32377.600331999998]
u_c_lolo.0,512,16,5,100,4,[36015.864752000016]
u_c_lolo.0,512,16,5,100,5,[33229.642446]
u_c_lolo.0,512,16,5,100,6,[36637.81090200001]
