FILE_NAME,NUM_JOBS,NUM_MACHINES,ITERATION_SIZE,POPULATION_SIZE,ITERATION,MAKESPAN
u_c_lohi.0,512,16,5,100,1,5579482.562528005
u_c_lohi.0,512,16,5,100,2,[4101696.3749759956]
u_c_lohi.0,512,16,5,100,3,[4703905.078125]
u_c_lohi.0,512,16,5,100,4,[3840126.468727996]
u_c_lohi.0,512,16,5,100,5,[3985344.6875200034]
u_c_lohi.0,512,16,5,100,6,[3885711.0703320033]
