FILE_NAME,NUM_JOBS,NUM_MACHINES,ITERATION_SIZE,POPULATION_SIZE,ITERATION,MAKESPAN
u_c_hilo.0,512,16,5,10,1,1332292.96875
u_c_hilo.0,512,16,5,10,2,[871414.960958]
u_c_hilo.0,512,16,5,10,3,[1055437.6152190007]
u_c_hilo.0,512,16,5,10,4,[956431.05471]
u_c_hilo.0,512,16,5,10,5,[879335.0507759991]
u_c_hilo.0,512,16,5,10,6,[913923.007834]
