FILE_NAME,NUM_JOBS,NUM_MACHINES,ITERATION_SIZE,POPULATION_SIZE,ITERATION,MAKESPAN
u_c_lohi.0,512,16,5,10,1,5081314.476588004
u_c_lohi.0,512,16,5,10,2,[3752850.867165996]
u_c_lohi.0,512,16,5,10,3,[3418080.3124799966]
u_c_lohi.0,512,16,5,10,4,[3316472.859355997]
u_c_lohi.0,512,16,5,10,5,[3752850.867165996]
u_c_lohi.0,512,16,5,10,6,[3335496.328125]
