FILE_NAME,NUM_JOBS,NUM_MACHINES,ITERATION_SIZE,POPULATION_SIZE,ITERATION,MAKESPAN
u_c_lolo.0,512,16,5,10,1,41750.06358600003
u_c_lolo.0,512,16,5,10,2,[32705.119181000027]
u_c_lolo.0,512,16,5,10,3,[28298.179448]
u_c_lolo.0,512,16,5,10,4,[27130.538994000017]
u_c_lolo.0,512,16,5,10,5,[28935.956476]
u_c_lolo.0,512,16,5,10,6,[28521.84868600002]
