FILE_NAME,NUM_JOBS,NUM_MACHINES,ITERATION_SIZE,POPULATION_SIZE,ITERATION,MAKESPAN
u_c_hilo.0,512,16,5,250,1,1467315.7089629993
u_c_hilo.0,512,16,5,250,2,[1172417.8125]
u_c_hilo.0,512,16,5,250,3,[1287119.04295]
u_c_hilo.0,512,16,5,250,4,[1132664.7577960005]
u_c_hilo.0,512,16,5,250,5,[1100354.6093679988]
u_c_hilo.0,512,16,5,250,6,[1004954.3437439989]
