FILE_NAME,NUM_JOBS,NUM_MACHINES,ITERATION_SIZE,POPULATION_SIZE,ITERATION,MAKESPAN
u_c_lohi.0,512,16,5,250,1,5380215.328152005
u_c_lohi.0,512,16,5,250,2,[4245926.140648004]
u_c_lohi.0,512,16,5,250,3,[3885711.0703320033]
u_c_lohi.0,512,16,5,250,4,[4284245.539084003]
u_c_lohi.0,512,16,5,250,5,[3927402.070289996]
u_c_lohi.0,512,16,5,250,6,[4101953.2734139957]
