FILE_NAME,NUM_JOBS,NUM_MACHINES,ITERATION_SIZE,POPULATION_SIZE,ITERATION,MAKESPAN
u_c_lolo.0,512,16,5,250,1,46010.27415600005
u_c_lolo.0,512,16,5,250,2,[34729.58386800001]
u_c_lolo.0,512,16,5,250,3,[35143.29878999998]
u_c_lolo.0,512,16,5,250,4,[35143.29878999998]
u_c_lolo.0,512,16,5,250,5,[38341.89513000002]
u_c_lolo.0,512,16,5,250,6,[37489.853016000015]
