FILE_NAME,NUM_JOBS,NUM_MACHINES,ITERATION_SIZE,POPULATION_SIZE,ITERATION,MAKESPAN
u_c_lolo.0,512,16,5,500,1,48566.40049800006
u_c_lolo.0,512,16,5,500,2,[36869.70683800001]
u_c_lolo.0,512,16,5,500,3,[35785.76878800001]
u_c_lolo.0,512,16,5,500,4,[36637.81090200001]
u_c_lolo.0,512,16,5,500,5,[35785.76878800001]
u_c_lolo.0,512,16,5,500,6,[34226.287515000025]
