FILE_NAME,NUM_JOBS,NUM_MACHINES,ITERATION_SIZE,POPULATION_SIZE,ITERATION,MAKESPAN
u_c_lohi.0,512,16,5,500,1,5479848.945340005
u_c_lohi.0,512,16,5,500,2,[4358052.398411996]
u_c_lohi.0,512,16,5,500,3,[4447328.4375]
u_c_lohi.0,512,16,5,500,4,[4272600.390599996]
u_c_lohi.0,512,16,5,500,5,[4528956.4140359955]
u_c_lohi.0,512,16,5,500,6,[4184611.9218960037]
