FILE_NAME,NUM_JOBS,NUM_MACHINES,ITERATION_SIZE,POPULATION_SIZE,ITERATION,MAKESPAN
u_c_hilo.0,512,16,5,500,1,1415830.9472449995
u_c_hilo.0,512,16,5,500,2,[1132664.7577960005]
u_c_hilo.0,512,16,5,500,3,[1139358.7187360013]
u_c_hilo.0,512,16,5,500,4,[1225709.53125]
u_c_hilo.0,512,16,5,500,5,[1145771.953125]
u_c_hilo.0,512,16,5,500,6,[1184149.5195140003]
