FILE_NAME,NUM_JOBS,NUM_MACHINES,ITERATION_SIZE,POPULATION_SIZE,ITERATION,MAKESPAN
u_c_hilo.0,512,16,5,50,1,1438876.40625
u_c_hilo.0,512,16,5,50,2,[1106922.3769370005]
u_c_hilo.0,512,16,5,50,3,[1055437.6152190007]
u_c_hilo.0,512,16,5,50,4,[986850.820331999]
u_c_hilo.0,512,16,5,50,5,[1184149.5195140003]
u_c_hilo.0,512,16,5,50,6,[1081179.9960780006]
