FILE_NAME,NUM_JOBS,NUM_MACHINES,ITERATION_SIZE,POPULATION_SIZE,ITERATION,MAKESPAN
u_c_lohi.0,512,16,5,50,1,5579482.562528005
u_c_lohi.0,512,16,5,50,2,[4184611.9218960037]
u_c_lohi.0,512,16,5,50,3,[3969017.914084004]
u_c_lohi.0,512,16,5,50,4,[3586810.218768003]
u_c_lohi.0,512,16,5,50,5,[3767818.2030959986]
u_c_lohi.0,512,16,5,50,6,[3832234.375]
