FILE_NAME,NUM_JOBS,NUM_MACHINES,ITERATION_SIZE,POPULATION_SIZE,ITERATION,MAKESPAN
u_c_lolo.0,512,16,5,50,1,40898.02147200003
u_c_lolo.0,512,16,5,50,2,[31525.558218]
u_c_lolo.0,512,16,5,50,3,[38341.89513000002]
u_c_lolo.0,512,16,5,50,4,[32377.600331999998]
u_c_lolo.0,512,16,5,50,5,[30673.516104]
u_c_lolo.0,512,16,5,50,6,[33391.432608000025]
