FILE_NAME,NUM_JOBS,NUM_MACHINES,ITERATION_SIZE,POPULATION_SIZE,ITERATION,MAKESPAN
u_c_lolo.0,512,16,5,5,1,43454.14781400004
u_c_lolo.0,512,16,5,5,2,[30870.741216]
u_c_lolo.0,512,16,5,5,3,[28298.179448]
u_c_lolo.0,512,16,5,5,4,[28298.179448]
u_c_lolo.0,512,16,5,5,5,[26434.884148000016]
u_c_lolo.0,512,16,5,5,6,[25496.11872999999]
