FILE_NAME,NUM_JOBS,NUM_MACHINES,ITERATION_SIZE,POPULATION_SIZE,ITERATION,MAKESPAN
u_c_hilo.0,512,16,5,5,1,1252355.390625
u_c_hilo.0,512,16,5,5,2,[891961.3183769991]
u_c_hilo.0,512,16,5,5,3,[816525.4042919992]
u_c_hilo.0,512,16,5,5,4,[834173.3476460009]
u_c_hilo.0,512,16,5,5,5,[967872.919940999]
u_c_hilo.0,512,16,5,5,6,[892668.984396]
