FILE_NAME,NUM_JOBS,NUM_MACHINES,ITERATION_SIZE,POPULATION_SIZE,ITERATION,MAKESPAN
u_c_lohi.0,512,16,5,5,1,4782413.625024004
u_c_lohi.0,512,16,5,5,2,[3403748.4609179967]
u_c_lohi.0,512,16,5,5,3,[3678945.0]
u_c_lohi.0,512,16,5,5,4,[3665575.2656039963]
u_c_lohi.0,512,16,5,5,5,[3578299.6640419965]
u_c_lohi.0,512,16,5,5,6,[3755589.6875]
